article_id,published_at,publisher,title,url,body_length
cb5f0d303ef819f7,2026-08-19T16:45:00+09:00,경향신문,조희대의 유례없는 ‘일방통보’ 대법관 제청···여당 격분 속 청와대는 ‘일단 침착’,https://www.khan.co.kr/article/202608191645001/?utm_source=khan_rss&utm_medium=rss&utm_campaign=politic_news,1535
f3fb535c938a403a,2026-08-20T08:18:00+09:00,경향신문,이 대통령 “‘한·미훈련 축소해 대화여건 조성’ 트럼프 대통령 결단에 경의”,https://www.khan.co.kr/article/202608200818001/?utm_source=khan_rss&utm_medium=rss&utm_campaign=politic_news,1333
8ce589297fa5b116,2026-08-20T11:32:04+09:00,오마이뉴스,"서영교 ""충격적인 법원행정처장 실토... 조희대 대법원장 사퇴하라""",https://www.ohmynews.com/NWS_Web/View/at_pg.aspx?CNTN_CD=A0003260507,1177
c9dea150f96a7a14,2026-08-20T11:25:00+09:00,동아일보,‘용산특별법’ 처리 내주로 연기…“김윤덕-오세훈 논의 반영”,https://www.donga.com/news/Politics/article/all/20260820/134510666/1,496
be0a51799cda52ea,2026-08-19T22:40:00+09:00,경향신문,김여정 “북·미 두 지도자 관계는 훌륭···한·미 연습 축소 평할 가치 없어”,https://www.khan.co.kr/article/202608192240001/?utm_source=khan_rss&utm_medium=rss&utm_campaign=politic_news,1047
a19fbebdab4ed19f,2026-08-20T12:06:00+09:00,동아일보,[속보]오세훈 “용산공원 아파트 불가…캠프킴 등 대체부지 역제안”,https://www.donga.com/news/Politics/article/all/20260820/134510972/2,632
ae8fffce8eb4e1ff,2026-08-20T06:32:00+09:00,경향신문,"트럼프 “김정은, 매우 강력한 핵무기 57개 보유” 숫자 첫 공개···“연내 만나겠다”며 대화 목표엔 답변 회피",https://www.khan.co.kr/article/202608200632001/?utm_source=khan_rss&utm_medium=rss&utm_campaign=politic_news,1444
5eb60ea5f0efc05c,2026-08-19T11:04:00+09:00,경향신문,"조현 “트럼프 한·미연합훈련 축소 지시, 한·미 모두 사전에 몰랐다”",https://www.khan.co.kr/article/202608191104001/?utm_source=khan_rss&utm_medium=rss&utm_campaign=politic_news,605
ddcc7e9949072a37,2026-08-19T11:03:00+09:00,경향신문,"김민석 “‘법기술원장’ 조희대, 원래대로라면 탄핵됐어야···물러나는 게 맞다”",https://www.khan.co.kr/article/202608191103001/?utm_source=khan_rss&utm_medium=rss&utm_campaign=politic_news,1647
77ba2032a4f2dadb,2026-08-19T22:28:00+09:00,동아일보,김여정 “한미훈련 축소해도 본질 그대로”…美 유화책에 ‘싸늘’,https://www.donga.com/news/Politics/article/all/20260819/134508325/2,1507
9601a23b022fb182,2026-08-20T09:54:00+09:00,국민일보,"조국 “오세훈, 그린벨트 풀자더니… 무책임 선동 정치”",https://www.kmib.co.kr/article/view.asp?arcid=9000004613,949
f5ff1c5b9c91ff17,2026-08-19T21:21:01+09:00,경향신문,"청 “용산공원 일부, 청년주택 조성” 특별법 개정 가능성도 언급",https://www.khan.co.kr/article/202608192121015/?utm_source=khan_rss&utm_medium=rss&utm_campaign=politic_news,1160
74b1316780c3cb0b,2026-08-20T10:16:00+09:00,동아일보,"한병도 “오세훈, 용산공원 검토부터 어깃장 놓을 일 아냐”",https://www.donga.com/news/Politics/article/all/20260820/134509914/1,940
360aef063dedbb97,2026-08-18T21:49:01+09:00,경향신문,"송영길, 조희대 대법관 임명제청에 “반년 뭉개더니 통보냐”…탄핵 재차 주장",https://www.khan.co.kr/article/202608182149011/?utm_source=khan_rss&utm_medium=rss&utm_campaign=politic_news,715
8bf3ad514b5958b5,2026-08-19T10:23:00+09:00,경향신문,"청와대 “여의도보다 더큰 용산공원, 일부 청년주택 조성…공원 안 만든다는 게 아냐”",https://www.khan.co.kr/article/202608191023001/?utm_source=khan_rss&utm_medium=rss&utm_campaign=politic_news,1517
50e52ffb34fe75d0,2026-08-20T04:30:00+09:00,동아일보,김윤덕 “용산공원 녹지 아닌 곳에만 청년주택 검토”,https://www.donga.com/news/Politics/article/all/20260820/134508106/2,1305
911b3b442ef37ebd,2026-08-19T17:37:46+09:00,서울신문,"野, 與 ‘조희대 압박’에 총공세…“제청권은 대법원장의 헌법상 권한”",https://www.seoul.co.kr/news/newsView.php?id=20260819500221,1882
527e746629ea03a9,2026-08-20T07:51:00+09:00,동아일보,李 “한미훈련 축소해 대화여건 조성…트럼프 결단 경의”,https://www.donga.com/news/Politics/article/all/20260820/134508900/1,1099
865ebbc95ed2ca79,2026-08-20T06:57:31+09:00,오마이뉴스,"조희대의 '대통령 패싱', 대선 불복 아닌가",https://www.ohmynews.com/NWS_Web/View/at_pg.aspx?CNTN_CD=A0003260211,2365
42d80271f7f39818,2026-08-20T01:19:47+09:00,서울신문,김윤덕 “용산공원 내 훼손된 녹지에 청년주택 짓자는 것”,https://www.seoul.co.kr/news/newsView.php?id=20260820008003,1611
8fc69f3e5594cfb1,2026-08-20T04:30:00+09:00,동아일보,"법원행정처장 “靑, 대통령 만날 기회 안줘… 민정수석과 서면 제청 합의”",https://www.donga.com/news/Society/article/all/20260820/134508518/2,1295
eda19a9ad5dd377f,2026-08-20T04:30:00+09:00,동아일보,핵보유 인정 노리는 北… 중간선거 급한 트럼프 ‘나쁜 합의’우려,https://www.donga.com/news/Inter/article/all/20260820/134508535/2,2572
52d796cd899419e9,2026-08-19T19:42:00+09:00,경향신문,트럼프 입맛 따라 축소된 한·미 훈련…“동맹 필요 없다는 뜻이냐” 당혹,https://www.khan.co.kr/article/202608191942001/?utm_source=khan_rss&utm_medium=rss&utm_campaign=politic_news,1747
481bfe9de941cbe1,2026-08-19T18:14:00+09:00,동아일보,‘대통령 패싱’ 반박한 대법원 “靑에 만남 요구했는데 안 됐다”,https://www.donga.com/news/Politics/article/all/20260819/134506600/1,1317
b7c6405e786d9c49,2026-08-20T04:30:00+09:00,동아일보,"“반격 빠진 반쪽짜리 연합 훈련, 한미 모두에 큰 전략적 손실”",https://www.donga.com/news/Politics/article/all/20260820/134508454/2,2112
0c3111cf02ebcb3c,2026-08-19T21:16:01+09:00,경향신문,‘전작권 전환’ 평가는 1부 훈련서 마쳐…군 “축소해도 차질없다”,https://www.khan.co.kr/article/202608192116015/?utm_source=khan_rss&utm_medium=rss&utm_campaign=politic_news,1515
f00e0968ea81ec33,2026-08-20T09:54:00+09:00,동아일보,국힘 “與 조희대 탄핵은 李탄핵 사유…삼권분립-민주주의 부정”,https://www.donga.com/news/Politics/article/all/20260820/134509704/1,934
6482a4334eb7347b,2026-08-19T21:12:00+09:00,경향신문,"김민석 “최악 대법원장, 조희대씨 물러나라”",https://www.khan.co.kr/article/202608192112005/?utm_source=khan_rss&utm_medium=rss&utm_campaign=politic_news,1467
65feced34186e03f,2026-08-20T02:04:00+09:00,국민일보,한·미 훈련 줄줄이 축소될 듯… 정작 北은 “흥미없다”,https://www.kmib.co.kr/article/view.asp?arcid=9000004566,1116
a311d485d2aa4413,2026-08-20T04:30:00+09:00,동아일보,"“트럼프, 김정은과 11월 정상회담 추진”",https://www.donga.com/news/Inter/article/all/20260820/134508544/2,1317
