article_id,labeler,cluster,stance
cb5f0d303ef819f7,L6,이슈 2,중립
f3fb535c938a403a,L6,이슈 1,긍정
8ce589297fa5b116,L6,이슈 2,부정
c9dea150f96a7a14,L6,이슈 3,중립
be0a51799cda52ea,L6,이슈 1,중립
a19fbebdab4ed19f,L6,이슈 3,긍정
ae8fffce8eb4e1ff,L6,이슈 4,중립
5eb60ea5f0efc05c,L6,이슈 1,중립
ddcc7e9949072a37,L6,이슈 2,부정
77ba2032a4f2dadb,L6,이슈 1,중립
9601a23b022fb182,L6,이슈 3,부정
f5ff1c5b9c91ff17,L6,이슈 3,부정
74b1316780c3cb0b,L6,이슈 3,부정
360aef063dedbb97,L6,이슈 2,중립
8bf3ad514b5958b5,L6,이슈 3,중립
50e52ffb34fe75d0,L6,이슈 3,중립
911b3b442ef37ebd,L6,이슈 2,부정
527e746629ea03a9,L6,이슈 1,중립
865ebbc95ed2ca79,L6,이슈 2,중립
42d80271f7f39818,L6,이슈 3,중립
8fc69f3e5594cfb1,L6,이슈 2,중립
eda19a9ad5dd377f,L6,이슈 4,중립
52d796cd899419e9,L6,이슈 1,부정
481bfe9de941cbe1,L6,이슈 2,중립
b7c6405e786d9c49,L6,이슈 1,부정
0c3111cf02ebcb3c,L6,이슈 1,중립
f00e0968ea81ec33,L6,이슈 2,부정
6482a4334eb7347b,L6,이슈 2,부정
65feced34186e03f,L6,이슈 1,부정
a311d485d2aa4413,L6,이슈 4,중립
cb5f0d303ef819f7,L5,대법원장,중립
f3fb535c938a403a,L5,한미훈련,긍정
8ce589297fa5b116,L5,대법원장,부정
c9dea150f96a7a14,L5,용산공원,중립
be0a51799cda52ea,L5,한미훈련,중립
a19fbebdab4ed19f,L5,용산공원,부정
ae8fffce8eb4e1ff,L5,한미훈련,중립
5eb60ea5f0efc05c,L5,한미훈련,중립
ddcc7e9949072a37,L5,대법원장,부정
77ba2032a4f2dadb,L5,한미훈련,중립
9601a23b022fb182,L5,용산공원,긍정
f5ff1c5b9c91ff17,L5,용산공원,긍정
74b1316780c3cb0b,L5,용산공원,긍정
360aef063dedbb97,L5,대법원장,부정
8bf3ad514b5958b5,L5,용산공원,긍정
50e52ffb34fe75d0,L5,용산공원,긍정
911b3b442ef37ebd,L5,대법원장,긍정
527e746629ea03a9,L5,한미훈련,긍정
865ebbc95ed2ca79,L5,대법원장,부정
42d80271f7f39818,L5,용산공원,중립
8fc69f3e5594cfb1,L5,대법원장,긍정
eda19a9ad5dd377f,L5,한미훈련,부정
52d796cd899419e9,L5,한미훈련,부정
481bfe9de941cbe1,L5,대법원장,긍정
b7c6405e786d9c49,L5,한미훈련,부정
0c3111cf02ebcb3c,L5,한미훈련,중립
f00e0968ea81ec33,L5,대법원장,부정
6482a4334eb7347b,L5,대법원장,부정
65feced34186e03f,L5,한미훈련,중립
a311d485d2aa4413,L5,한미훈련,중립
cb5f0d303ef819f7,L2,조희대 탄핵,부정
f3fb535c938a403a,L2,트럼프 한미 연합 훈련 축소지시,중립
8ce589297fa5b116,L2,조희대 탄핵,중립
c9dea150f96a7a14,L2,용산공원 개발,중립
be0a51799cda52ea,L2,트럼프 한미 연합 훈련 축소지시,중립
a19fbebdab4ed19f,L2,용산공원 개발,중립
ae8fffce8eb4e1ff,L2,트럼프 한미 연합 훈련 축소지시,중립
5eb60ea5f0efc05c,L2,트럼프 한미 연합 훈련 축소지시,중립
ddcc7e9949072a37,L2,조희대 탄핵,중립
77ba2032a4f2dadb,L2,트럼프 한미 연합 훈련 축소지시,중립
9601a23b022fb182,L2,용산공원 개발,중립
f5ff1c5b9c91ff17,L2,용산공원 개발,긍정
74b1316780c3cb0b,L2,용산공원 개발,중립
360aef063dedbb97,L2,조희대 탄핵,중립
8bf3ad514b5958b5,L2,용산공원 개발,긍정
50e52ffb34fe75d0,L2,용산공원 개발,중립
911b3b442ef37ebd,L2,조희대 탄핵,중립
527e746629ea03a9,L2,트럼프 한미 연합 훈련 축소지시,중립
865ebbc95ed2ca79,L2,조희대 탄핵,부정
42d80271f7f39818,L2,용산공원 개발,중립
8fc69f3e5594cfb1,L2,대통령 패싱,중립
eda19a9ad5dd377f,L2,트럼프 한미 연합 훈련 축소지시,중립
52d796cd899419e9,L2,트럼프 한미 연합 훈련 축소지시,중립
481bfe9de941cbe1,L2,대통령 패싱,중립
b7c6405e786d9c49,L2,트럼프 한미 연합 훈련 축소지시,중립
0c3111cf02ebcb3c,L2,트럼프 한미 연합 훈련 축소지시,중립
f00e0968ea81ec33,L2,조희대 탄핵,중립
6482a4334eb7347b,L2,조희대 탄핵,중립
65feced34186e03f,L2,트럼프 한미 연합 훈련 축소지시,중립
a311d485d2aa4413,L2,트럼프 한미 연합 훈련 축소지시,중립
cb5f0d303ef819f7,L4,조희대 대법원장 대통령에게 서면으로 후보 임명,중립
f3fb535c938a403a,L4,한미훈련 축소,긍정
8ce589297fa5b116,L4,조희대 대법원장 대통령에게 서면으로 후보 임명,부정
c9dea150f96a7a14,L4,용산공원 부지 활용 - 오세훈은 반대,중립
be0a51799cda52ea,L4,한미훈련 축소,부정
a19fbebdab4ed19f,L4,용산공원 부지 활용 - 오세훈은 반대,긍정
ae8fffce8eb4e1ff,L4,11월 정상회담 추진,중립
5eb60ea5f0efc05c,L4,한미훈련 축소,부정
ddcc7e9949072a37,L4,조희대 대법원장 대통령에게 서면으로 후보 임명,부정
77ba2032a4f2dadb,L4,한미훈련 축소,중립
9601a23b022fb182,L4,용산공원 부지 활용 - 오세훈은 반대,부정
f5ff1c5b9c91ff17,L4,용산공원 부지 활용 - 오세훈은 반대,중립
74b1316780c3cb0b,L4,용산공원 부지 활용 - 오세훈은 반대,부정
360aef063dedbb97,L4,조희대 대법원장 대통령에게 서면으로 후보 임명,부정
8bf3ad514b5958b5,L4,용산공원 부지 활용 - 오세훈은 반대,부정
50e52ffb34fe75d0,L4,용산공원 부지 활용 - 오세훈은 반대,부정
911b3b442ef37ebd,L4,조희대 대법원장 대통령에게 서면으로 후보 임명,부정
527e746629ea03a9,L4,한미훈련 축소,긍정
865ebbc95ed2ca79,L4,조희대 대법원장 대통령에게 서면으로 후보 임명,부정
42d80271f7f39818,L4,용산공원 부지 활용 - 오세훈은 반대,부정
8fc69f3e5594cfb1,L4,조희대 대법원장 대통령에게 서면으로 후보 임명,중립
eda19a9ad5dd377f,L4,11월 정상회담 추진,부정
52d796cd899419e9,L4,한미훈련 축소,부정
481bfe9de941cbe1,L4,조희대 대법원장 대통령에게 서면으로 후보 임명,중립
b7c6405e786d9c49,L4,한미훈련 축소,부정
0c3111cf02ebcb3c,L4,한미훈련 축소,긍정
f00e0968ea81ec33,L4,조희대 대법원장 대통령에게 서면으로 후보 임명,부정
6482a4334eb7347b,L4,조희대 대법원장 대통령에게 서면으로 후보 임명,부정
65feced34186e03f,L4,한미훈련 축소,부정
a311d485d2aa4413,L4,11월 정상회담 추진,중립
cb5f0d303ef819f7,L3,조희대,중립
f3fb535c938a403a,L3,한미 훈련,중립
8ce589297fa5b116,L3,조희대,중립
c9dea150f96a7a14,L3,용산공원,중립
be0a51799cda52ea,L3,한미 훈련,중립
a19fbebdab4ed19f,L3,용산공원,중립
ae8fffce8eb4e1ff,L3,정상회담,중립
5eb60ea5f0efc05c,L3,한미 훈련,중립
ddcc7e9949072a37,L3,조희대,중립
77ba2032a4f2dadb,L3,한미 훈련,중립
9601a23b022fb182,L3,용산공원,부정
f5ff1c5b9c91ff17,L3,용산공원,중립
74b1316780c3cb0b,L3,용산공원,부정
360aef063dedbb97,L3,조희대,중립
8bf3ad514b5958b5,L3,용산공원,중립
50e52ffb34fe75d0,L3,용산공원,중립
911b3b442ef37ebd,L3,조희대,중립
527e746629ea03a9,L3,한미 훈련,중립
865ebbc95ed2ca79,L3,조희대,부정
42d80271f7f39818,L3,용산공원,중립
8fc69f3e5594cfb1,L3,조희대,중립
eda19a9ad5dd377f,L3,정상회담,부정
52d796cd899419e9,L3,한미 훈련,부정
481bfe9de941cbe1,L3,조희대,중립
b7c6405e786d9c49,L3,한미 훈련,부정
0c3111cf02ebcb3c,L3,한미 훈련,중립
f00e0968ea81ec33,L3,조희대,부정
6482a4334eb7347b,L3,조희대,중립
65feced34186e03f,L3,한미 훈련,중립
a311d485d2aa4413,L3,정상회담,중립
cb5f0d303ef819f7,L1,법기술원장 조희대 탄핵,중립
f3fb535c938a403a,L1,트럼프 한미연합훈련 축소,긍정
8ce589297fa5b116,L1,법기술원장 조희대 탄핵,긍정
c9dea150f96a7a14,L1,용산 공원 내 주택 공급,중립
be0a51799cda52ea,L1,트럼프 한미연합훈련 축소,부정
a19fbebdab4ed19f,L1,용산 공원 내 주택 공급,중립
ae8fffce8eb4e1ff,L1,트럼프 한미연합훈련 축소,중립
5eb60ea5f0efc05c,L1,트럼프 한미연합훈련 축소,중립
ddcc7e9949072a37,L1,법기술원장 조희대 탄핵,긍정
77ba2032a4f2dadb,L1,트럼프 한미연합훈련 축소,부정
9601a23b022fb182,L1,용산 공원 내 주택 공급,부정
f5ff1c5b9c91ff17,L1,용산 공원 내 주택 공급,부정
74b1316780c3cb0b,L1,용산 공원 내 주택 공급,부정
360aef063dedbb97,L1,법기술원장 조희대 탄핵,긍정
8bf3ad514b5958b5,L1,용산 공원 내 주택 공급,중립
50e52ffb34fe75d0,L1,용산 공원 내 주택 공급,중립
911b3b442ef37ebd,L1,법기술원장 조희대 탄핵,중립
527e746629ea03a9,L1,트럼프 한미연합훈련 축소,긍정
865ebbc95ed2ca79,L1,법기술원장 조희대 탄핵,긍정
42d80271f7f39818,L1,용산 공원 내 주택 공급,부정
8fc69f3e5594cfb1,L1,법기술원장 조희대 탄핵,중립
eda19a9ad5dd377f,L1,트럼프 한미연합훈련 축소,중립
52d796cd899419e9,L1,트럼프 한미연합훈련 축소,부정
481bfe9de941cbe1,L1,법기술원장 조희대 탄핵,긍정
b7c6405e786d9c49,L1,트럼프 한미연합훈련 축소,부정
0c3111cf02ebcb3c,L1,트럼프 한미연합훈련 축소,중립
f00e0968ea81ec33,L1,법기술원장 조희대 탄핵,중립
6482a4334eb7347b,L1,법기술원장 조희대 탄핵,중립
65feced34186e03f,L1,트럼프 한미연합훈련 축소,부정
a311d485d2aa4413,L1,트럼프 한미연합훈련 축소,부정
